Title: ,Description: ,Rating: ,Link: ,Source: 
Data Engineer,"Data Modeling, Data Pipelines, Data Lakes, Spark, Airflow Insight Data Engineering is the foundation for the new world of Big Data. Enroll now to build production-ready data infrastructure, an essential skill for advancing your data career.",N/A,https://www.udacity.com/course/data-engineer-nanodegree--nd027,Udacity
Data Analyst,"Data Wrangling, Matplotlib, Bootstrapping, Pandas & NumPy, Statistics Kaggle Use Python, SQL, and statistics to uncover insights, communicate critical findings, and create data-driven solutions.",N/A,https://www.udacity.com/course/data-analyst-nanodegree--nd002,Udacity
Data Scientist,"Machine Learning, Deep Learning, Software Engineering Bertelsmann, Figure Eight, IBM Watson, Insight, Kaggle, Starbucks Build effective machine learning models, run data pipelines, build recommendation systems, and deploy solutions to the cloud with industry-aligned projects.",N/A,https://www.udacity.com/course/data-scientist-nanodegree--nd025,Udacity
Business Analytics,"Excel & Spreadsheets, SQL, Data Visualization, Data Dashboards Tableau, Mode Gain foundational data skills applicable to any industry. Collect and analyze data, model business scenarios, and communicate your findings with SQL, Excel, and Tableau.",N/A,https://www.udacity.com/course/business-analytics-nanodegree--nd098,Udacity
C++,"Data Structures & Algorithms, Memory Management, Concurrency, Object Oriented Programming, C++ Get hands-on experience by building five real-world projects.",N/A,https://www.udacity.com/course/c-plus-plus-nanodegree--nd213,Udacity
Digital Marketing,"Digital Marketing, Social Media Marketing, Facebook Marketing, Search Engine Optimization, Search Engine Marketing, Display Ads, Search Ads Google, Hootsuite, HubSpot, MailChimp, Moz, Facebook Gain real-world experience running live campaigns as you learn from top experts in the field. Launch your career with a 360-degree understanding of digital marketing.",N/A,https://www.udacity.com/course/digital-marketing-nanodegree--nd018,Udacity
Introduction to Programming,"Introduction to Programming, HTML, CSS, Python Udacity's Intro to Programming is your first step towards careers in Web and App Development, Machine Learning, Data Science, AI, and more! This program is perfect for beginners.",N/A,https://www.udacity.com/course/intro-to-programming-nanodegree--nd000,Udacity
Full Stack Web Developer,"Python, JavaScript, PostgreSQL, Flask, Docker, Kubernetes Learn to design and develop powerful modern web applications that form the foundation for the apps, websites, and systems that people and businesses use every day.",N/A,https://www.udacity.com/course/full-stack-web-developer-nanodegree--nd0044,Udacity
Front End Web Developer,"JavaScript, HTML, CSS, Webpack, Flexbox, Node, Object-Oriented Programming Learn how to build high quality websites and dynamic applications to create stunning user experiences for the web.",N/A,https://www.udacity.com/course/front-end-web-developer-nanodegree--nd0011,Udacity
Product Manager,"Product Strategy, Product Design, Product Development, Design Sprint, Product Launch Envision and execute the development of industry-defining products, and learn how to successfully bring them to market.",N/A,https://www.udacity.com/course/product-manager-nanodegree--nd036,Udacity
Artificial Intelligence for Trading,"Momentum Trading Strategy, Smart Beta, Alpha Factors, Natural Language Processing, Deep Learning, Neural Networks WorldQuant Complete real-world projects designed by industry experts, covering topics from asset management to trading signal generation. Master AI algorithms for trading, and build your career-ready portfolio.",N/A,https://www.udacity.com/course/ai-for-trading--nd880,Udacity
Programming for Data Science with Python,"Python, Numpy & Pandas, SQL, Git & GitHub Mode Learn the fundamental programming tools for data professionals: Python, SQL, the Terminal and Git.",N/A,https://www.udacity.com/course/programming-for-data-science-nanodegree--nd104,Udacity
AI Programming with Python,"Python, NumPy, Pandas, Matplotlib, PyTorch Learn Python, NumPy, Pandas, Matplotlib, PyTorch, Calculus, and Linear Algebra—the foundations for building your own neural network.",N/A,https://www.udacity.com/course/ai-programming-python-nanodegree--nd089,Udacity
Deep Learning,"Deep Learning, Neural Networks, Jupyter Notebooks, CNNs, GANs AWS, Facebook Artificial Intelligence Deep learning is driving advances in artificial intelligence that are changing our world. Enroll now to build and apply your own deep neural networks to produce amazing solutions to important challenges.",N/A,https://www.udacity.com/course/deep-learning-nanodegree--nd101,Udacity
Machine Learning Engineer,"Machine Learning, Supervised Learning, Unsupervised Learning, Deep Learning Kaggle, AWS Become a machine learning engineer and apply predictive models to massive data sets in fields like education, finance, healthcare or robotics.",N/A,https://www.udacity.com/course/machine-learning-engineer-nanodegree--nd009t,Udacity
Java Developer,"Java, Spring Boot, Rest API, MySQL, MongoDB Learn back-end development with the Java programming language",N/A,https://www.udacity.com/course/java-developer-nanodegree--nd035,Udacity
UX Designer,"User Research, User Experience, Prototyping, Interactive Design, User Interface Design, Usability Testing Design impactful user experiences for products in today’s digital world.",N/A,https://www.udacity.com/course/ux-designer-nanodegree--nd578,Udacity
Self Driving Car Engineer,"Computer Vision, Deep Learning, Sensor Fusion, Localization, Self-Driving Cars Mercedes-Benz, Nvidia, Uber ATG, DiDi, McLaren Self-driving cars are set to revolutionize the way we live. This is transformational technology, on the cutting-edge of robotics, machine learning, software engineering, and mechanical engineering. In this program, you’ll learn the skills and techniques used by self-driving car teams at the most advanced technology companies in the world.",N/A,https://www.udacity.com/course/self-driving-car-engineer-nanodegree--nd013,Udacity
Data Product Manager,"Data Science, Product Management, Product Design, Data Visualization, User Journey Maps Hone specialized skills in Data Product Management by learning how to apply data science best practices to build data-driven products backed by scalable data strategies to deliver the right experience to the right users, at the right time.",N/A,https://www.udacity.com/course/data-product-manager-nanodegree--nd030,Udacity
SQL,"SQL, PostgreSQL, JOINs, Subqueries, Window Functions, Partitions, Data Cleaning, DDL, DML, Relational and Non-Relational Databases Master SQL, the core language for Big Data analysis, and enable insight-driven decision-making and strategy for your business.",N/A,https://www.udacity.com/course/learn-sql--nd072,Udacity
React,"React, Redux, React Native React is completely transforming Front-End Development. Master this powerful UI library from Facebook with Udacity.",N/A,https://www.udacity.com/course/react-nanodegree--nd019,Udacity
Data Structures and Algorithms,"Data Structures and Algorithms, Problem Solving, Interview Practice Problems, Python Get hands-on practice with over 100 data structures and algorithm exercises and technical mentor support when needed to help prepare you for interviews and on-the-job scenarios.",N/A,https://www.udacity.com/course/data-structures-and-algorithms-nanodegree--nd256,Udacity
Data Streaming,"Data Streaming, Spark, Kafka, Kafka Streaming, Spark Streaming Learn how to stream data to unlock key insights in real-time.",N/A,https://www.udacity.com/course/data-streaming-nanodegree--nd029,Udacity
Computer Vision,"Convolutional Neural Networks (CNN), Recurrent Neural Networks (RNN), Simultaneous Localization and Mapping (SLAM), Object Tracking, Image Classification, Deep Learning Affectiva, Nvidia Deep Learning Institute Learn the computer vision skills behind advances in robotics and automation. Write programs to analyze images, implement feature extraction, and recognize objects using deep learning models.",N/A,https://www.udacity.com/course/computer-vision-nanodegree--nd891,Udacity
Deep Reinforcement Learning,"Reinforcement Learning, Neural Networks, PyTorch, Deep Q-Networks (DQN), Deep Deterministic Policy Gradients (DDPG) Unity, Nvidia Deep Learning Institute Master the deep reinforcement learning skills that are powering amazing advances in AI. Then start applying these to applications like video games and robotics.",N/A,https://www.udacity.com/course/deep-reinforcement-learning-nanodegree--nd893,Udacity
Cloud Developer,"AWS, Microservices, Serverless Architecture, Kubernetes Cloud development is the foundation for the new world of software development. Enroll now to build and deploy production-ready full stack apps at scale on AWS, an essential skill for advancing your web development career.",N/A,https://www.udacity.com/course/cloud-developer-nanodegree--nd9990,Udacity
Blockchain Developer,"Ethereum Blockchain, Blockchain Architecture, Data Auditing Demand for blockchain developers is skyrocketing. In this program, you'll work with the Bitcoin and Ethereum protocols, build projects for real-world application, and gain the essential skills for a career in this dynamic space.",N/A,https://www.udacity.com/course/blockchain-developer-nanodegree--nd1309,Udacity
Cloud DevOps Engineer,"AWS, Configuration Management with Ansible, Continuous Integration / Continuous Deployment, Microservices with Kubernetes, CloudFormation Companies are looking for talented DevOps engineers to remain competitive in this agile world. Enroll now to operationalize infrastructure at scale and deliver applications and services at high velocity, an essential skill for advancing your career.",N/A,https://www.udacity.com/course/cloud-dev-ops-nanodegree--nd9991,Udacity
AI Product Manager,"AI Products, Training ML Models, Annotating Datasets, Prototyping a Product Appen Learn to develop AI products that deliver business value. Build skills that help you compete in the new AI-powered world.",N/A,https://www.udacity.com/course/ai-product-manager-nanodegree--nd088,Udacity
Robotics Software Engineer,"C++, ROS, Localization, Mapping, SLAM, Navigation, Path Planning, Robot Operating System, Robotics Build five hands-on projects to acquire core robotics software engineering skills: ROS, Gazebo, Localization, Mapping, SLAM, Navigation, and Path Planning.",N/A,https://www.udacity.com/course/robotics-software-engineer--nd209,Udacity
Android Basics,"Android Development, Java programming, Android Studio, XML layouts, Android Views Google No programming experience? No Problem! Start developing Android apps today.",N/A,https://www.udacity.com/course/android-basics-nanodegree-by-google--nd803,Udacity
iOS Developer,"Swift programming, Core Data, UIKit, iOS networking, app publishing, User interfaces, Local Persistence, APIs Master the Swift programming language, and create a portfolio of iOS apps for iPhone and iPad to showcase your skills!",N/A,https://www.udacity.com/course/ios-developer-nanodegree--nd003,Udacity
Intro to Machine Learning with PyTorch,"Introduction to Machine Learning, Supervised Learning, Deep Learning, Unsupervised Learning Kaggle, AWS Build a solid foundation in Supervised, Unsupervised, and Deep Learning. Then, use these skills to test and deploy machine learning models in a production environment.",N/A,https://www.udacity.com/course/intro-to-machine-learning-nanodegree--nd229,Udacity
Monetization Strategy,"Product Management, Monetization Models, Pricing Strategy, Buyer Personas, Lifetime Value, Customer Acquisition Cost, Pricing Metrics, Growth Strategy Monetization Strategy is the third of three courses in the Growth Product Manager Nanodegree program. Hone specialized Product Management skills in monetization strategy by learning how to implement strategies to drive profitable growth for your business. Build and test pricing plans and market selection, target the right buyer personas, and be equipped to harness their full lifetime value.",N/A,https://www.udacity.com/course/monetization-strategy--nd037-3,Udacity
Predictive Analytics For Business,"Data Wrangling, Classification, A/B Testing, Forecasting, Segmentation Alteryx, Tableau Predictive analytics is the practice of determining patterns from data to predict future outcomes and trends. Across industries, it enables high-value solutions to important business problems.",N/A,https://www.udacity.com/course/predictive-analytics-for-business-nanodegree--nd008,Udacity
Intro to Self-Driving Cars,"Computer Vision, Machine Learning, Vehicle Motion, Control This introductory program is the perfect way to start your journey.",N/A,https://www.udacity.com/course/intro-to-self-driving-cars--nd113,Udacity
Activation and Retention Strategy,"Product Management, Activation Funnels, Retention Analysis, Churn Analysis, Segment Analysis, User Engagement, Cohort Analysis Hone specialized Product Management skills in activation and retention strategy. Guide users through the activation funnel as fast as possible, so they reach your product’s aha-moment, and deploy experiments to improve customer lifetime value and decrease churn.",N/A,https://www.udacity.com/course/activation-and-retention-strategy--nd037-2,Udacity
AWS Cloud Architect,"Cloud Infrastructure, Cloud Security, AWS, CloudFormation, High Availability Infrastructure, Serverless Computing Lead your organization's cloud computing strategy as an AWS Cloud Architect. Plan, design, and build secure, high availability cloud infrastructure.",N/A,https://www.udacity.com/course/aws-cloud-architect-nanodegree--nd063,Udacity
Artificial Intelligence,"AI Algorithms, Search Algorithms, Optimization, Planning, Pattern Recognition Learn essential Artificial Intelligence concepts from AI experts like Peter Norvig and Sebastian Thrun, including search, optimization, planning, pattern recognition, and more.",N/A,https://www.udacity.com/course/ai-artificial-intelligence-nanodegree--nd898,Udacity
Agile Software Development,"Agile, Scrum, Kanban, XP, Minimum Viable Product ThoughtWorks The Agile Software Development Nanodegree program equips you with the skills you need to guide the delivery of high value products with top notch software development teams.
",N/A,https://www.udacity.com/course/agile-software-development-nanodegree--nd144,Udacity
Marketing Analytics,"Google Analytics, Excel & Spreadsheets, Data Visualization, Customer Segmentation Gain foundational data skills applicable to marketing. Collect and analyze data, model marketing scenarios, and communicate your findings with Excel, Tableau, Google Analytics, and Data Studios.",N/A,https://www.udacity.com/course/marketing-analytics-nanodegree--nd028,Udacity
Intro to Machine Learning with TensorFlow,"TensorFlow, Deep Learning, scikit-learn, Supervised Learning, Unsupervised Learning Kaggle, AWS Build a solid foundation in Supervised, Unsupervised, and Deep Learning. Then, use these skills to test and deploy machine learning models in a production environment.",N/A,https://www.udacity.com/course/intro-to-machine-learning-with-tensorflow-nanodegree--nd230,Udacity
Intermediate JavaScript,"Functional Programming, DOM, Data Structures, Asynchronous Programming, Synchronous Programming Master JavaScript, the most popular programming language in the world. Be equipped for advanced roles in web development, server-side application development, and desktop development.",N/A,https://www.udacity.com/course/intermediate-javascript-nanodegree--nd032,Udacity
Natural Language Processing,"Machine Learning, Speech Recognition, Sentiment Analysis, Machine Translation, Part of Speech Tagging Amazon Alexa, IBM Watson Learn the skills to get computers to understand, process, and respond to human language. Build models on real data, and get hands-on experience with sentiment analysis, machine translation, and more.",N/A,https://www.udacity.com/course/natural-language-processing-nanodegree--nd892,Udacity
Sensor Fusion Engineer,"Perception, Lidar, Radar, Sensors, Computer Vision Mercedes-Benz Learn to fuse lidar point clouds, radar signatures, and camera images using Kalman Filters to perceive the environment and detect and track vehicles and pedestrians over time.",N/A,https://www.udacity.com/course/sensor-fusion-engineer-nanodegree--nd313,Udacity
AI for Healthcare,"Artificial Intelligence, 2D Medical Imaging, 3D Medical Imaging, Electronic Health Record Data, Deep Learning, Wearable Device Data, Supervised Learning Be at the forefront of the revolution of AI in Healthcare, and transform patient outcomes. Enable enhanced medical decision-making powered by machine learning to build the treatments of the future.",N/A,https://www.udacity.com/course/ai-for-healthcare-nanodegree--nd320,Udacity
AI for Business Leaders,"Artificial Intelligence, Machine Learning, Business Strategy, Data Labeling, Data Modeling BMW Master the foundations of artificial intelligence so you can strategically implement machine learning technology in your organization, and leverage it for corporate growth.",N/A,https://www.udacity.com/course/ai-for-business-leaders--nd054,Udacity
Introduction to Cybersecurity,"Threat Assessment, Security Vulnerabilities, Compliance, Governance, Risk, Incident Response SecurityScorecard Get your start in the high growth field of Cybersecurity by building foundational skills in how to evaluate, maintain, and monitor the security of computer systems.",N/A,https://www.udacity.com/course/intro-to-cybersecurity-nanodegree--nd545,Udacity
Cloud DevOps using Microsoft Azure,"Infrastructure as Code,  Configuration Management,  Agile Planning,  Continuous Integration,  Continuous Delivery,  Test Automation,  Monitoring Microsoft Learn how to deploy, test, and monitor cloud applications on Azure, one of the most popular cloud services platforms used by businesses across the globe.",N/A,https://www.udacity.com/course/devops-engineer-for-microsoft-azure-nanodegree--nd082,Udacity
Data Visualization,"Data Visualization, Tableau, Dashboards, Data Storytelling Combine data, visuals, and narrative to tell impactful stories and make data-driven decisions.",N/A,https://www.udacity.com/course/data-visualization-nanodegree--nd197,Udacity
Flying Car and Autonomous Flight Engineer,"3D Motion Planning, Controls, Estimation, Kalman Filters Master job-ready autonomous flight software engineering skills as you tackle advanced challenges, write real code for real aircraft, and develop a systems understanding of the Flying Car full-stack.",N/A,https://www.udacity.com/course/flying-car-nanodegree--nd787,Udacity
Programming for Data Science with R,"R, SQL, Git Mode Prepare for a data science career by learning the fundamental data programming tools: R, SQL, command line, and git.",N/A,https://www.udacity.com/course/programming-for-data-science-nanodegree-with-R--nd118,Udacity
Data Science for Business Leaders,"Business Strategy, Data Science, Data Architecture, Machine Learning, Human Capital Alteryx Master the people, platforms, and processes required to leverage the power of Data Science in your business.",N/A,https://www.udacity.com/course/data-science-for-business-leaders--nd045,Udacity
Intel® Edge AI for IoT Developers,"Edge AI, Computer Vision, Deep Learning, Edge Computing, AI Modeling, Deep Neural Networks (DNN), Convolutional Neural Networks (CNN), IoT, Intel® Distribution of OpenVINO™ Toolkit, Intel® DevCloud for the Edge Intel Lead the development of cutting-edge Edge AI applications that are the future of the Internet of Things. Leverage the Intel® Distribution of OpenVINO™ Toolkit to fast-track development of high-performance computer vision and deep learning inference applications.",N/A,https://www.udacity.com/course/intel-edge-ai-for-iot-developers-nanodegree--nd131,Udacity
Growth Product Manager,"Product Management, Growth Strategy, Customer Acquisition, Activation Strategy, Monetization Strategy, Performance Optimization Hone specialized Product Management skills in growth strategy. Lead experimentation and data-driven decision-making in your organization to drive products to reach the next level of scale, impact, and profitability.",N/A,https://www.udacity.com/course/growth-product-manager-nanodegree--nd037,Udacity
Intermediate Python,"Python, Object-oriented programming, Modular code, Python Package Index The Intermediate Python Nanodegree program teaches intermediate-level skills for programming with the Python language.  It is ideal for developers interested in using Python to build more complex algorithms with greater capabilities in preparation for a variety of different roles spanning fields like data science, AI, and software engineering.",N/A,https://www.udacity.com/course/intermediate-python-nanodegree--nd303,Udacity
Android Kotlin Developer,"Android Development, Kotlin, Android Studio, Gradle, RESTful interfaces, Web APIs, App Architecture, Databases, Custom Views, Notifications, Location Services, Testing, Firebase Google Master Android app development with Kotlin, a modern programming language that enables developers to be more productive.",N/A,https://www.udacity.com/course/android-kotlin-developer-nanodegree--nd940,Udacity
RPA Developer with UiPath,"Process Automation, Business Operations, UiPath Studio, UiPath Orchestator UiPath Build the operational processes that enable the businesses of the future.",N/A,https://www.udacity.com/course/rpa-developer-nanodegree--nd340,Udacity
Data Architect,"Entity relationship diagrams,  Relational Data Design,  Online Analytical Processing,  Operational Data Stores,  Data Lake Architecture,  Data Governance
 Learn how to plan, design and implement enterprise data infrastructure solutions and create the blueprints for your organization’s data success.",N/A,https://www.udacity.com/course/data-architect-nanodegree--nd038,Udacity
Hybrid Cloud Engineer,"Hyper-converged infrastructure,  Hybrid Cloud,  Public Cloud,  Private Cloud,  HCI Clusters,  Workload Management,  On premise,  Off premise
 Nutanix This Nanodegree program, built in collaboration with experts from Nutanix, a leader in the cutting edge field of hyperconverged infrastructure software, takes cloud technology and data-center professionals on an in-depth journey into the design, deployment, and management of infrastructure and applications together on the Hybrid Cloud. Master the concepts you need to transform how your IT teams manage applications and support the business.",N/A,https://www.udacity.com/course/hybrid-cloud-engineer-nanodegree--nd321,Udacity
Developer for Microsoft Azure,"Virtual Machines,  App Services,  Microservices,  Serverless Functions,  Cloud Migration Microsoft The Developer for Microsoft Azure Nanodegree program prepares students with critical cloud computing skills in how to deploy, build, migrate, and monitor applications on Azure.",N/A,https://www.udacity.com/course/developer-for-microsoft-azure-nanodegree--nd081,Udacity
Machine Learning Engineer for Microsoft Azure,"Azure Machine Learning, Azure Machine Learning SDK, Automation with Pipelines, Automated ML, Machine Learning Operations
 Microsoft Strengthen your machine learning skills and build practical experience by training, validating, and evaluating models using Azure Machine Learning. ",N/A,https://www.udacity.com/course/machine-learning-engineer-for-microsoft-azure-nanodegree--nd00333,Udacity
Microsoft Power Platform,"Microsoft Power Platform, Power Apps, Power Automate, Azure AI Builder Microsoft Learn to build powerful and effective solutions with ease with Microsoft Power Platform. Created in partnership with the Microsoft Power Platform team, this course will introduce you to efficient low-code solutions for data analytics, app development, and artifical intelligence.",N/A,https://www.udacity.com/course/microsoft-power-platform--ud091,Udacity
Web Tooling & Automation,"Installing Sublime Text, Installing Plugins, Gulp, Live Editing, ESLint Google In this course, you’ll learn how to setup your development environment and save a lot of time and effort with automatic optimization.",N/A,https://www.udacity.com/course/web-tooling-automation--ud892,Udacity
Front End Frameworks,"Single Page Applications, Building Angular apps, Building Ember apps, Underscore's template function, Backbone events and routing Google Explore and build interactive, single-page applications with popular JavaScript frameworks!",N/A,https://www.udacity.com/course/front-end-frameworks--ud894,Udacity
Responsive Web Design Fundamentals,"Responsive design patterns, Remote debugging and emulation, Optimizing layout, CSS media queries, CSS flexbox Google Learn and practice strategies for developing websites that look great on every device! Made with Google's Pete LePage.",N/A,https://www.udacity.com/course/responsive-web-design-fundamentals--ud893,Udacity
Linux Command Line Basics,"Command line interface (Linux server), Terminal and Shell (GNU Bash), Linux filesystem, Shell commands An introduction to the Linux command line interface.",N/A,https://www.udacity.com/course/linux-command-line-basics--ud595,Udacity
How to Install Android Studio,"Android, Android Studio, Java Participate in this short tutorial to install Android Studio on your computer and set up a new project using the program's Project Wizard.",N/A,https://www.udacity.com/course/how-to-install-android-studio--ud808,Udacity
Android Basics: Multiscreen Apps,"Android Development, Intents and Activities, Data, Loops and Custom Classes, Images and Visual Polish, Audio and Libraries Google Learn to build multiple screens and link them together, expanding the range of apps you can create! You'll also learn how to play audio and add images to your apps.",N/A,https://www.udacity.com/course/android-basics-multiscreen-apps--ud839,Udacity
Website Performance Optimization,"Chrome Developer Tools, DOM and CSSOM, Critical Rendering Path HTML, CSS and JavaScript optimizations Google Learn how browsers convert HTML, CSS and JavaScript into websites while you experiment with Chrome Developer Tools to measure and optimize website speed!",N/A,https://www.udacity.com/course/website-performance-optimization--ud884,Udacity
iOS Networking with Swift,"Networking, URLSession, JSON Parsing Learn how to incorporate networking into your apps to access data from around the world. Build the On the Map app to share location and fun links with fellow students.",N/A,https://www.udacity.com/course/ios-networking-with-swift--ud421,Udacity
JavaScript Design Patterns,"Separating concerns, Code organization, Using an Organizational Library, KnockoutJS Learn the importance of code organization and how to implement it with either vanilla JavaScript or an organizational library or framework.",N/A,https://www.udacity.com/course/javascript-design-patterns--ud989,Udacity
Android Basics: User Input,"Android Development, Java, Object Oriented Programming, Conditional Code, Methods, Variables Google Learn how to make your apps interactive using buttons and text! In this course you'll learn the basics of the Java programming language and how to apply them to Android.",N/A,https://www.udacity.com/course/android-basics-user-input--ud836,Udacity
Android Performance,"Android Development, Performance, Optimization Google Performance matters to users, so it must matter to you. Learn how to identify and fix bottlenecks in your Android applications, and ensure a smooth user experience.",N/A,https://www.udacity.com/course/android-performance--ud825,Udacity
Responsive Images,"Responsive Images, Mobile Image debugging, Creating responsive graphics Google Go beyond image tags! Learn how to make images a part of your responsive design workflow.",N/A,https://www.udacity.com/course/responsive-images--ud882,Udacity
Xcode Debugging,"Debugging, LLDB In this course, you'll learn standard methodologies for debugging software, and how to use Xcode's debugging tools to find and squash bugs.",N/A,https://www.udacity.com/course/xcode-debugging--ud774,Udacity
Gradle for Android and Java,"Android Development, Gradle, Java Gradle, Google Build bigger and better Android and Java apps using the Gradle build tool.",N/A,https://www.udacity.com/course/gradle-for-android-and-java--ud867,Udacity
Build Native Mobile Apps with Flutter,Android Development Google Learn from experts at Google how to use Flutter to craft high-quality native interfaces on iOS and Android devices in record time.,N/A,https://www.udacity.com/course/build-native-mobile-apps-with-flutter--ud905,Udacity
JavaScript Promises,"Native JavaScript Promises, Asynchronous code, Advanced error handling, Generating sequences of async work Google Learn how to simplify asynchronous work with Native JavaScript Promises!",N/A,https://www.udacity.com/course/javascript-promises--ud898,Udacity
UIKit Fundamentals,"AutoLayout, Navigation, Table Views, Collection Views Learn the iOS UIKit framework, which is the cornerstone of creating user interfaces in all iOS apps and crucial for any iOS Developer to be intimately familiar with.",N/A,https://www.udacity.com/course/uikit-fundamentals--ud788,Udacity
Android Basics: User Interface,"Android Development, Building Layouts, Android Studio, Views and ViewGroups, Styling Google Learn how to design your first layout in Android! This is the first course in the Android Basics Nanodegree program.",N/A,https://www.udacity.com/course/android-basics-user-interface--ud834,Udacity
Client-Server Communication,"HTTP request and response cycle, HTTP headers and verbs, HTTP/1 and HTTP/2 capabilities, HTTPS, Client-Server Communication Google Learn how a client communicates with a server, including HTTP's request and response cycle, HTTP/2 and HTTPs.",N/A,https://www.udacity.com/course/client-server-communication--ud897,Udacity
What is Programming?,This course is your first step towards a career in programming.,N/A,https://www.udacity.com/course/what-is-programming--ud994,Udacity
Building High Conversion Web Forms,"Research HTML5 input types, Datalist input, User input validation with HTML5 attributes, Validate user input using JavaScript, Optimizing forms Google Increase conversions with best practices for fast, efficient forms! Learn how to design and build web forms for users on any device.",N/A,https://www.udacity.com/course/building-high-conversion-web-forms--ud890,Udacity
Advanced Android App Development,"Android Development, Fragments, Libraries, Firebase, Espresso Google Make your app production-ready by applying advanced features like library integration, material design, widgets, receiving cloud messages, and more!",N/A,https://www.udacity.com/course/advanced-android-app-development--ud855,Udacity
Software Architecture & Design,"Unified Modeling Language, Object Constraint Language, Software Architecture, Software Design, Code Review Georgia Institute of Technology Software Architecture and Design teaches the principles and concepts involved in the analysis and design of large software systems.",N/A,https://www.udacity.com/course/software-architecture-design--ud821,Udacity
Intro to Information Security,"Software Security, Cryptography, Network Security, Privacy, Public Policy Georgia Institute of Technology",N/A,https://www.udacity.com/course/intro-to-information-security--ud459,Udacity
Authentication & Authorization: OAuth,"Flask, OAuth 2.0, Authentication & Authorization, Python Learn to implement the OAuth 2.0 framework to allow users to securely and easily login to your web applications.",N/A,https://www.udacity.com/course/authentication-authorization-oauth--ud330,Udacity
Intro to iOS App Development with Swift,"Swift, UIKit, AVFoundation Take the first step in becoming an iOS Developer by learning about Swift and writing your first app.",N/A,https://www.udacity.com/course/intro-to-ios-app-development-with-swift--ud585,Udacity
Introduction to Operating Systems,"Processes & Threads, Memory Management, Inter-Process Communication, Resource Virtualization, Distributed File Systems Georgia Institute of Technology Introduction to Operating Systems teaches the basic operating system abstractions, mechanisms, and their implementations.",N/A,https://www.udacity.com/course/introduction-to-operating-systems--ud923,Udacity
Android Basics: Networking,"Android Development, JSON Parsing, HTTP Networking, Threads and Parallelism, Control Flow and Conditionals, Preferences Google This class teaches the basics of networking using Android, and is a part of the Android Basics Nanodegree by Google.",N/A,https://www.udacity.com/course/android-basics-networking--ud843,Udacity
Web Accessibility,"Accessibility, Screen Readers, Focus, Semantics, ARIA Google Get hands-on experience making web applications accessible. You’ll understand when and why users need accessibility, then you’ll dive into how to implement.",N/A,https://www.udacity.com/course/web-accessibility--ud891,Udacity
Android Basics: Data Storage,"Android Development, SQLite, ContentProvider, CursorAdapter & CursorLoader, Database, Design Google In this course, you'll learn the basics of data storage in Android, building your first database and an app that could be used for any small business!",N/A,https://www.udacity.com/course/android-basics-data-storage--ud845,Udacity
Scalable Microservices with Kubernetes,"Microservices, Docker, Kubernetes, Deploying Microservices Google This course is designed to teach you about managing microservices, using Kubernetes. This course is built in partnership with experts such as Google’s Kelsey Hightower.",N/A,https://www.udacity.com/course/scalable-microservices-with-kubernetes--ud615,Udacity
Developing Android Apps with Kotlin,Android Development Google Learn the fundamentals of the Kotlin programming language from Kotlin experts at Google.,N/A,https://www.udacity.com/course/developing-android-apps-with-kotlin--ud9012,Udacity
Browser Rendering Optimization,"Browser Rendering Response, Animation, Idle and Load (RAIL), Optimizing JavaScript, How to debug an app Google This course will demystify the browser's rendering pipeline and make it easy for you to build high performance web apps.",N/A,https://www.udacity.com/course/browser-rendering-optimization--ud860,Udacity
Learn Swift Programming Syntax,"Variables and Constants, Control Flow, Functions, Optionals, OOP This course focuses on the syntax of the Swift programming language. By the end of the course, you'll be able to apply Swift essentials to building iOS apps.",N/A,https://www.udacity.com/course/learn-swift-programming-syntax--ud902,Udacity
Offline Web Applications,"Developing offline-first applications, Understanding Lie-Fi, Service Worker DevTools, IndexedDB, IndexedDB asset caching Google Learn how to develop offline-first web application using Service Workers and IndexedDB.",N/A,https://www.udacity.com/course/offline-web-applications--ud899,Udacity
Kotlin for Android Developers,"Kotlin, Android Take an Android app in Java and convert it to Kotlin, learning key features of the Kotlin programming language along the way.",N/A,https://www.udacity.com/course/kotlin-for-android-developers--ud888,Udacity
UX Design for Mobile Developers,"Android, UX Design, User-Centered Design Google This is a design course made for developers. You'll learn UX design skills which will help you make 5-star mobile apps that your users will love.",N/A,https://www.udacity.com/course/ux-design-for-mobile-developers--ud849,Udacity
Software Development Process,"Software Development Life Cycle, Requirements Engineering, Design Patterns, Black-Box & White-Box Testing, Agile Development Methodology Georgia Institute of Technology Software Development Processes explores requirements engineering, architecture and design, testing, and software quality in general.",N/A,https://www.udacity.com/course/software-development-process--ud805,Udacity
Data Visualization in Tableau,"Tableau, Design of Visualizations, Visual Encodings Learn the fundamentals of data visualization and practice communicating with data.",N/A,https://www.udacity.com/course/data-visualization-in-tableau--ud1006,Udacity
Intro to Progressive Web Apps,"Progressive Web Apps, Service Workers, Web App Manifest, Offline apps Google In this course you’ll get started working on your very first Progressive Web App (PWA) - a web app that can take advantage of many features native applications have enjoyed!",N/A,https://www.udacity.com/course/intro-to-progressive-web-apps--ud811,Udacity
Writing READMEs,"README, Markdown, Making code easier to read Documentation is an important part of the development process. Learn to write READMEs using Markdown so your code can be used by other humans!",N/A,https://www.udacity.com/course/writing-readmes--ud777,Udacity
Software Analysis & Testing,"Software Testing, Debugging, Dataflow Analysis, Constraint-based Analysis, Symbolic Execution Georgia Institute of Technology This course covers the theory and practice of software analysis, which is at the heart of software development processes such as diagnosing bugs, testing, and debugging.",N/A,https://www.udacity.com/course/software-analysis-testing--ud333,Udacity
iOS Persistence and Core Data,"Data Persistence, Core Data, UserDefaults, FileManager Persisting data is a core skill for any iOS developer. Learn how to store app data to your device using three common techniques: NSUserDefaults, Sandbox, and Core Data.",N/A,https://www.udacity.com/course/ios-persistence-and-core-data--ud325,Udacity
Computer Networking,"Software-Defined Networking, Data Center Networking, Content Distribution, Congestion Control, Traffic Shaping Georgia Institute of Technology This is an advanced Computer Networking course that delves into the latest concepts and tools used by the CN industry.",N/A,https://www.udacity.com/course/computer-networking--ud436,Udacity
Firebase Analytics: iOS,"Android Development, Firebase Analytics, Firebase Crash Reporting, Firebase Remote Config, Firebase Dynamic Links Google Learn how to grow an app's user base using Firebase Analytics, a free and unlimited analytics solution",N/A,https://www.udacity.com/course/firebase-analytics-ios--ud353,Udacity
Human-Computer Interaction,"Design Principles, Direct Manipulation Interfaces, Mental Models, Distributed Cognition, Prototyping Georgia Institute of Technology This course is an introductory course on human-computer interaction, covering the principles, techniques, and open areas of development in HCI.",N/A,https://www.udacity.com/course/human-computer-interaction--ud400,Udacity
2D Game Development with libGDX,"LibGDX, Game Development, 2D Amazon Appstore for Android This course explores how to use LibGDX to build 2D games that run anywhere, from web browsers to mobile devices. At the end you will create a full game, called Icicles.",N/A,https://www.udacity.com/course/2d-game-development-with-libgdx--ud405,Udacity
Intro to jQuery,"jQuery, DOM Structure, Reading jQuery documentation, Modify HTML attributes and content Learn how to access and modify the DOM with ease using jQuery!",N/A,https://www.udacity.com/course/intro-to-jquery--ud245,Udacity
Cyber-Physical Systems Security,"Industrial Networks, Industrial Control Systems, Smart Grid Infrastructure, Cyber Security, Privacy Georgia Institute of Technology This course provides an introduction to security issues relating to cyber-physical systems including industrial control systems and critical infrastructures.",N/A,https://www.udacity.com/course/cyber-physical-systems-security--ud279,Udacity
Introduction to Graduate Algorithms,Georgia Institute of Technology Learn advanced techniques for designing algorithms and apply them to hard computational problems.,N/A,https://www.udacity.com/course/introduction-to-graduate-algorithms--ud401,Udacity
Dynamic Web Applications with Sinatra,"Ruby, Sinatra, Building web applications Sinatra is a micro-framework for quickly developing small Ruby applications for the web. In this course, you'll learn all about Sinatra, routing, and templating.",N/A,https://www.udacity.com/course/dynamic-web-applications-with-sinatra--ud268,Udacity
How to Make a Platformer Using libGDX,"LibGDX, Game Development, Asset management Amazon Appstore for Android This course will explore how to create a game called Giga Gal. Giga Gal is a platformer in which you run, collect energy packs, jump a bunch, and shoot enemies.",N/A,https://www.udacity.com/course/how-to-make-a-platformer-using-libgdx--ud406,Udacity
JavaScript Testing,"Javascript Apps, Jasmine testing framework, red-green-refactor workflow Learn how to iterate on your web applications with confidence using the red-green-refactor workflow cycle and automated testing frameworks.",N/A,https://www.udacity.com/course/javascript-testing--ud549,Udacity
Object-Oriented JavaScript,"Object Oriented Javascript, Object-oriented programming, Data and functionality, Prototypal inheritance",N/A,https://www.udacity.com/course/object-oriented-javascript--ud711,Udacity
Localization Essentials,"Localization, Google Translator Toolkit, Localization at Google Google Localization is about making a product feel tailored to users around the world. Specifically, it is the process of adapting a product to a language, culture and market.",N/A,https://www.udacity.com/course/localization-essentials--ud610,Udacity
Compilers: Theory and Practice,"Compilers, Semantic Analysis, Syntax Directed Translation, Control Flow Analysis Georgia Institute of Technology This course teaches the theory and practice behind building compilers for higher level programming languages.",N/A,https://www.udacity.com/course/compilers-theory-and-practice--ud168,Udacity
HTML5 Canvas,"HTML5 Canvas, Canvas2D, Creating animation Learn how you can use HTML5 Canvas to create and modify images or even interactive animations.",N/A,https://www.udacity.com/course/html5-canvas--ud292,Udacity
Object Oriented Programming in Java,"Object Oriented Programming, Java, User Interaction Learn how to apply powerful object-oriented programming concepts in Java",N/A,https://www.udacity.com/course/object-oriented-programming-in-java--ud283,Udacity
Designing RESTful APIs,"Flask, REST APIs, Python Build and secure a web server with a RESTful Developer-Friendly API that developers will love to use.",N/A,https://www.udacity.com/course/designing-restful-apis--ud388,Udacity
GT - Refresher - Advanced OS,"Operating Systems, Virtual Memory, File Systems, Multithreaded Programming, Networking Georgia Institute of Technology This course covers the essential Operating Systems concepts students need in preparation for the rest of the GT ""Advanced Operating Systems"" sequence.",N/A,https://www.udacity.com/course/gt-refresher-advanced-os--ud098,Udacity
Intro to JavaScript,"JavaScript, Conditionals, Loops, Data Types & Variables Learn the fundamentals of JavaScript, the most popular programming language in web development.",N/A,https://www.udacity.com/course/intro-to-javascript--ud803,Udacity
Grand Central Dispatch (GCD),"Closures, GCD Learn how to prevent background operations from interfering with an app's UI by implementing Apple's GCD framework.",N/A,https://www.udacity.com/course/grand-central-dispatch-gcd--ud576,Udacity
Swift for Beginners,"Variables and Constants, Strings, Control Flow, Functions Learn Swift, Apple's programming language for building iOS applications. Start with the basics and work your way towards completing sets of challenges in Swift.",N/A,https://www.udacity.com/course/swift-for-beginners--ud1022,Udacity
Intro to Statistics,"Probability, Descriptive Statistics, Inferential Statistics Get ready to analyze, visualize, and interpret data! Thought-provoking examples and chances to combine statistics and programming will keep you engaged and challenged.",N/A,https://www.udacity.com/course/intro-to-statistics--st101,Udacity
Intro to HTML and CSS,"HTML, CSS, CSS Syntax, HTML Syntax Problem Set In this course, you'll learn the fundamentals web development, along with best practices and professional problem-solving techniques using Developer Tools.",N/A,https://www.udacity.com/course/intro-to-html-and-css--ud001,Udacity
Developing Android Apps,"Android Development, Layouts, Intents, UI Google Build a cloud-connected Android app, and learn the tools, principles, and best practices of mobile and Android development that you'll apply to your own projects.",N/A,https://www.udacity.com/course/new-android-fundamentals--ud851,Udacity
Introduction to Python Programming,"In this course, you'll learn the fundamentals of the Python programming language, along with programming best practices. You’ll learn to represent and store data using Python data types and variables, and use conditionals and loops to control the flow of your programs. You’ll harness the power of complex data structures like lists, sets, dictionaries, and tuples to store collections of related data. You’ll define and document your own custom functions, write scripts, and handle errors. Lastly, you’ll learn to find and use modules in the Python Standard Library and other third-party libraries.",N/A,https://www.udacity.com/course/introduction-to-python--ud1110,Udacity
Introduction to Virtual Reality,"VR development, Unity, Google VR SDK for Unity, General understanding of how VR works, Deploying to Android and iOS Google VR If you are interested in learning more about virtual reality, this course will teach you the principles of VR technology and help you understand what you can build in VR.",N/A,https://www.udacity.com/course/introduction-to-virtual-reality--ud1012,Udacity
Objective-C for Swift Developers,"iOS, Swift, Objective-C, Control Flow Syntax Venmo, Lyft Learn the distinguishing language features of Objective-C. Practice Objective-C syntax by writing classes, and writing and calling methods.",N/A,https://www.udacity.com/course/objective-c-for-swift-developers--ud1009,Udacity
Software Testing,"Software Testing, Debugging, Code Coverage Learn how to catch bugs and break software as you discover different testing methods that will help you build better software.",N/A,https://www.udacity.com/course/software-testing--cs258,Udacity
Interactive 3D Graphics,"Animated 3D Demo Program, Computer Image Generation, Programming Vertex and Pixel Shaders Autodesk This course will teach you the principles of 3D computer graphics: meshes, transforms, lighting, animation, and making interactive 3D applications run in a browser.",N/A,https://www.udacity.com/course/interactive-3d-graphics--cs291,Udacity
Full Stack Foundations,"Flask, CRUD, Model-View-Controller, Python, Object-relational Mapping Amazon Web Services Learn the fundamentals of back-end web development by creating your own web application from the ground up using the iterative development process.",N/A,https://www.udacity.com/course/full-stack-foundations--ud088,Udacity
High Performance Computer Architecture,"Processor Pipelining, Branch Prediction, Instruction Scheduling, Memory Ordering, Multiprocessor Architectures Georgia Institute of Technology The HPCA course covers performance measurement, pipelining, and improved parallelism through various means.",N/A,https://www.udacity.com/course/high-performance-computer-architecture--ud007,Udacity
AutoLayout,"Design, UI, Stack Views, Constraints With this course, you will learn about AutoLayout and how to use stack views and constraints to create pixel-perfect UIs.",N/A,https://www.udacity.com/course/auto-layout--ud1026,Udacity
Kotlin Bootcamp for Programmers,Android Development Google Learn the fundamentals of the Kotlin programming language from Kotlin experts at Google.,N/A,https://www.udacity.com/course/kotlin-bootcamp-for-programmers--ud9011,Udacity
Shell Workshop,,N/A,https://www.udacity.com/course/shell-workshop--ud206,Udacity
Core ML: Machine Learning for iOS,"iOS, Image Classification, Core ML Learn how to use Apple's Core ML framework to build iOS apps with intelligent new features.",N/A,https://www.udacity.com/course/core-ml--ud1038,Udacity
Statistics,"Statistical Research Methods, Data Visualization, Distributions, Hypothesis Testing, Regression San Jose State University We live in a time of unprecedented access to information. You'll learn how to use statistics to interpret that information and make decisions.",N/A,https://www.udacity.com/course/statistics--st095,Udacity
Intro to Theoretical Computer Science,"theoretical computer science, NP-completeness, Recognizing algorithmic problems, Solving algorithmic problems Learn the basic concepts in theoretical computer science. Discover what they imply for solving tough computational challenges.",N/A,https://www.udacity.com/course/intro-to-theoretical-computer-science--cs313,Udacity
Design of Computer Programs,"Computer Program Design, Python, Design Process Learn how to model problems, and how to optimize performance by using some of the advanced features of Python.",N/A,https://www.udacity.com/course/design-of-computer-programs--cs212,Udacity
Data Wrangling with MongoDB,"Gathering Data, Assessing Data, Cleaning Data, Data Wrangling, MongoDB MongoDB Data Scientists spend most of their time cleaning data. In this course, you will learn to convert and manipulate messy data to extract what you need.",N/A,https://www.udacity.com/course/data-wrangling-with-mongodb--ud032,Udacity
Swift for Developers,"Variables and Constants, Strings, Control Flow, Functions Get a quick practical introduction to Swift programming basics and build your first iOS app!",N/A,https://www.udacity.com/course/swift-for-developers--ud1025,Udacity
Firebase in a Weekend: Android,Android Development Google This course will teach you when and why to choose Firebase as a backend for your Android application.,N/A,https://www.udacity.com/course/firebase-in-a-weekend-by-google-android--ud0352,Udacity
Software Debugging,"Debugging, Python, Automated Debugging In this course you will learn how to debug programs systematically using scientific methods and build several automated debugging tools in Python.",N/A,https://www.udacity.com/course/software-debugging--cs259,Udacity
Deploying a Hadoop Cluster,"Data Analysis, Hadoop, MapReduce Deploy your own Hadoop cluster to crunch some big data!",N/A,https://www.udacity.com/course/deploying-a-hadoop-cluster--ud1000,Udacity
Server-Side Swift,"Swift Package Manager, MySQL, Docker, Terraform, Microservices In this course, built in collaboration with IBM and Hashicorp, you'll learn how to use Swift as a server-side language for building end-to-end applications.",N/A,https://www.udacity.com/course/server-side-swift--ud1031,Udacity
Programming Languages,"Introduciton to Programming Languages, Validate and Process Strings, HTML and JavaScript, Build your own web browser This course is an introduction to the fundamentals of programming languages. Concepts include how to specify and process valid strings, sentences and program structures.",N/A,https://www.udacity.com/course/programming-languages--cs262,Udacity
Networking for Web Developers,"HTTP, Domain Name System, Ping, TCP/IP stack, IP addressing You've used the Internet. Now find out more about how it works.",N/A,https://www.udacity.com/course/networking-for-web-developers--ud256,Udacity
Database Systems Concepts & Design,"Database Management Systems, Relational Algebra, Sequential Query Language, Data Indexing, SQL Injection Georgia Institute of Technology This course presents an example of applying a database application development methodology to a major real-world project.",N/A,https://www.udacity.com/course/database-systems-concepts-design--ud150,Udacity
Intro to Physics,"Kinematics, Dynamics, Trigonometry, Periodic Motion, Electricity Go to the places where big physics discoveries were made in the past and make them yourself. You’ll visit Italy, the Netherlands, and the UK as you learn basic physics.",N/A,https://www.udacity.com/course/intro-to-physics--ph100,Udacity
Intro to Relational Databases,"Rational databases, SQL, Python API, Python DB-API, Select and insert statements Relational databases are a powerful tool used throughout the industry. Learn the basics of SQL and how to connect your Python code to a relational database.",N/A,https://www.udacity.com/course/intro-to-relational-databases--ud197,Udacity
ES6 - JavaScript Improved,"JavaScript, ES6, Syntax, Functions Learn about the changes made to the JavaScript programming language in ECMAScript 6 and how to use these new improvements to write better cleaner code.",N/A,https://www.udacity.com/course/es6-javascript-improved--ud356,Udacity
Mobile Design and Usability for iOS,"Product Design, Prototyping Facebook for Developers In this course, taught in collaboration with Facebook, you'll learn how to design an intuitive, user-centered mobile app, from product conception to release.",N/A,https://www.udacity.com/course/mobile-design-and-usability-for-ios--ud1034,Udacity
Intro to AJAX,"Asynchronous requests with JavaScript, Data APIs, Web Applications, Site Customization Learn how to perform asynchronous requests as you build a web app with data from Google Street View, the New York Times and Wikipedia!",N/A,https://www.udacity.com/course/intro-to-ajax--ud110,Udacity
Intro to Algorithms,"Algorithms, Social Networks, Graph Algorithms This class will give you an introduction to the design and analysis of algorithms, enabling you to analyze networks and discover how individuals are connected.",N/A,https://www.udacity.com/course/intro-to-algorithms--cs215,Udacity
The MVC Pattern in Ruby,"Ruby, Sinatra, MVC Design Pattern, Writing organized code In this course you’ll learn how to organize your code, and why that’s important. You’ll be using the MVC Design Pattern in the web application micro-framework Sinatra.",N/A,https://www.udacity.com/course/the-mvc-pattern-in-ruby--ud270,Udacity
WeChat Mini Program Development,"WeChat Developed by Tencent and Udacity, this course will teach you to build your first Mini Program.",N/A,https://www.udacity.com/course/wechat-mini-programs--ud667,Udacity
Asynchronous JavaScript Requests,"Asynchronous Data Retrieval, Ajax with XHR, Ajax with jQuery, Ajax with Fetch Learn how to asynchronously request data in your web applications with Ajax.",N/A,https://www.udacity.com/course/asynchronous-javascript-requests--ud109,Udacity
Embedded Systems,"VLIW Architecture, Compilers for Embedded Systems, Differential Register Allocation, Network Processors, Multithreaded Processing Georgia Institute of Technology This course takes a holistic view of the embedded system stack focusing on processor architectures, instruction sets, and the associated advanced compiler optimizations.",N/A,https://www.udacity.com/course/embedded-systems--ud169,Udacity
High Performance Computing,"Shared Memory Models, Parallel Algorithms, Distributed Memory Models, Message Passing Interfaces, Hierarchical Memory Models Georgia Institute of Technology This course will give you solid foundations for developing, analyzing, and implementing parallel and locality-efficient algorithms.  Offered at Georgia Tech as CS6220",N/A,https://www.udacity.com/course/high-performance-computing--ud281,Udacity
HTTP & Web Servers,"HTTP, Python, Deploying services HTTP is the fundamental protocol of the Web. Explore how it works using Python code and command-line tools.",N/A,https://www.udacity.com/course/http-web-servers--ud303,Udacity
Advanced Android with Kotlin,"Kotlin, Android Google Develop Feature-Rich Android Apps with the Kotlin Programming Language.",N/A,https://www.udacity.com/course/advanced-android-with-kotlin--ud940,Udacity
"Computability, Complexity & Algorithms",Georgia Institute of Technology Learn tools and techniques that will help you recognize when problems you encounter are intractable and when there an efficient solution.,N/A,https://www.udacity.com/course/computability-complexity-algorithms--ud061,Udacity
Advanced Operating Systems,"Operating System Kernels, Virtualization, Distributed Systems, Cloud Computing, Real-Time Operating Systems Georgia Institute of Technology",N/A,https://www.udacity.com/course/advanced-operating-systems--ud189,Udacity
Passwordless Login Solutions for iOS,"Account Kit, Facebook SDK, Graph API Facebook for Developers In this course you'll implement Account Kit and Facebook Login side by side in a sample app, test our login flow on a series of common use cases, and wrap things up with an introduction to Facebook’s Graph API.",N/A,https://www.udacity.com/course/passwordless-login-solutions-for-ios--ud1028,Udacity
Version Control with Git,"Git, Version Control, Creating a Git repo, Editing commits Learn how to use Git, a popular Version Control System and essential tool for any developer.",N/A,https://www.udacity.com/course/version-control-with-git--ud123,Udacity
Firebase in a Weekend: iOS,Android Development Google This course will teach you when and why to choose Firebase as a backend for your iOS application.,N/A,https://www.udacity.com/course/firebase-in-a-weekend-by-google-ios--ud0351,Udacity
Intro to Point & Click App Development,"Salesforce App Development, Schema Building, Data Modeling Salesforce In this short class you'll build powerful apps without writing code. Great if you're an aspiring developer or someone who wants to learn what programmers do.",N/A,https://www.udacity.com/course/intro-to-point-click-app-development--ud162,Udacity
Deploying Applications with Heroku,"App Deployment, Heroku Deploy your first web application using the Heroku platform and learn about the underlying mechanics of web hosting.",N/A,https://www.udacity.com/course/deploying-applications-with-heroku--ud272,Udacity
Applied Cryptography,"Cryptography, Ciphers, Encryption Cryptography is present in everyday life, from paying with a credit card to using the telephone.  Learn all about making and breaking puzzles in computing.",N/A,https://www.udacity.com/course/applied-cryptography--cs387,Udacity
Java Programming Basics,"Java Programming, Java Syntax, Java Functions, Loops Take your first steps towards becoming a Java developer! Learn Java syntax and create conditional statements, loops, and functions.",N/A,https://www.udacity.com/course/java-programming-basics--ud282,Udacity
C++ For Programmers,"Pointers and Arrays, Control Flow, Object Oriented Programming, C++ Templates, C++ Standard Library This course teaches C++ to students already familiar with a programming language. Students will learn how to use header files, control flow, functions, classes.",N/A,https://www.udacity.com/course/c-for-programmers--ud210,Udacity
Intro to Backend,"User Input, Producing templated output, Databases and data stores, Secure user account systems Learn to build a multiuser blog with Google App Engine that permits users to sign in",N/A,https://www.udacity.com/course/intro-to-backend--ud171,Udacity
Network Security,Georgia Institute of Technology,N/A,https://www.udacity.com/course/network-security--ud199,Udacity
JavaScript and the DOM,,N/A,https://www.udacity.com/course/javascript-and-the-dom--ud117,Udacity
Firebase Analytics: Android,"Android Development, Firebase, Analytics Google Learn how to grow an app's user base using Firebase Analytics, a free and unlimited analytics solution",N/A,https://www.udacity.com/course/firebase-analytics-android--ud354,Udacity
Configuring Linux Web Servers,,N/A,https://www.udacity.com/course/configuring-linux-web-servers--ud299,Udacity
How to Make an iOS App,"iOS, Ideation and Research, UI, App Store Learn the process of building an app, taking your ideas from drawing board to App Store!",N/A,https://www.udacity.com/course/how-to-make-an-ios-app--ud607,Udacity
Intro to DevOps,"DevOps, CAMS principles, Continuous Integration, Delivery workflows Nutanix Learn all about the DevOps landscape, workflow, and a survey of the systems currently being used to support scalable software deployment.",N/A,https://www.udacity.com/course/intro-to-devops--ud611,Udacity
Google Maps APIs,"Google Maps APIs, Static Maps, Street View imagery, monitoring API usage Google This course will introduce you to the content available through the Google Maps APIs through building a real-estate listings web application step-by-step.",N/A,https://www.udacity.com/course/google-maps-apis--ud864,Udacity
Passwordless Login Solutions for Android,Facebook for Developers,N/A,https://www.udacity.com/course/passwordless-login-solutions-for-android--ud357,Udacity
Mobile Design and Usability for Android,"Android, Mobile Design, Usability Facebook for Developers In this course, taught in collaboration with Facebook, you'll learn how to design an intuitive, user-centered mobile app, from product conception to release.",N/A,https://www.udacity.com/course/mobile-design-and-usability-for-android--ud358,Udacity
Intro to Psychology,"Pyschology, Research Methods, Biology San Jose State University Go on a journey through psychological concepts and principles to enable you to gain a more in-depth understanding of human thought and behavior.",N/A,https://www.udacity.com/course/intro-to-psychology--ps001,Udacity
Engagement & Monetization | Mobile Games,"Game Development, Monetization, Engagement Amazon Appstore for Android You will learn the most effective monetization strategies for your game, how to  keep your players interested and engaged, so that your game stands out in the app store.",N/A,https://www.udacity.com/course/engagement-monetization-mobile-games--ud407,Udacity
Material Design for Android Developers,"Android Development, Material Design, Surfaces, Graphic Design Google Learn and apply the material design principles that define Android's visual language to your apps.",N/A,https://www.udacity.com/course/material-design-for-android-developers--ud862,Udacity
Intro to Data Science,"Data Analysis Process, pandas (Python package), MapReduce paradigm What does a data scientist do? In this course, we will survey the main topics in data science so you can understand the skills that are needed to become a data scientist!",N/A,https://www.udacity.com/course/intro-to-data-science--ud359,Udacity
Intro to Data Analysis,"Data Analysis, Python, numpy, pandas Explore a variety of datasets, posing and answering your own questions about each. You'll be using the Python libraries NumPy, Pandas, and Matplotlib.",N/A,https://www.udacity.com/course/intro-to-data-analysis--ud170,Udacity
SQL for Data Analysis,Mode Learn to use Structured Query Language (SQL) to extract and analyze data stored in databases,N/A,https://www.udacity.com/course/sql-for-data-analysis--ud198,Udacity
Intro to Inferential Statistics,"Inferential Statistics, Hypothesis Testing, T-tests, ANOVA Intro to Inferential Statistics will teach you how to test your hypotheses and begin to make predictions based on statistical results drawn from data!",N/A,https://www.udacity.com/course/intro-to-inferential-statistics--ud201,Udacity
Spark,"Spark, SparkSQL, Spark Dataframes, Data Wrangling, Machine Learning Insight Master how to work with big data and build machine learning models at scale using Spark!",N/A,https://www.udacity.com/course/learn-spark-at-udacity--ud2002,Udacity
Data Analysis and Visualization,"R, Data Analysis, Data Visualization, Regression Georgia Institute of Technology This course will introduce students to the field by covering state­-of-­the-art modeling, analysis and visualization techniques.",N/A,https://www.udacity.com/course/data-analysis-and-visualization--ud404,Udacity
Rapid Prototyping,"Prototyping, User Research, inVision Google Learning to prototype will save you time and money in the development process. You’ll create quality apps faster and have confidence in the viability of your products.",N/A,https://www.udacity.com/course/rapid-prototyping--ud723,Udacity
Creating an Analytical Dataset,"Data Issues, Data Formatting, Data Blending Alteryx Learn how to prepare data to ensure the efficacy of your analysis while improving fluency in Alteryx.",N/A,https://www.udacity.com/course/creating-an-analytical-dataset--ud977,Udacity
Problem Solving with Advanced Analytics,"Linear Regression Alteryx Learn a scientific approach to solving problems with data, a foundational skill for anyone interested in making data driven decisions in a business context.",N/A,https://www.udacity.com/course/problem-solving-with-advanced-analytics--ud976,Udacity
Classification Models,"Binary Classication Models, Non-Binary Classification Models Alteryx Learn how to use classification predictive models to solve business problems involving non-numeric data.",N/A,https://www.udacity.com/course/classification-models--ud978,Udacity
Product Design,"Product Design, Design Sprints, Ideation and Validation, UI/UX Google Learn product validation, UI/UX practices, Google’s Design Sprint and the process for setting and tracking actionable metrics.",N/A,https://www.udacity.com/course/product-design--ud509,Udacity
Segmentation and Clustering,"Variable Reduction, Clustering Models design The Segmentation & Clustering course provides students with the knowledge to build and apply clustering models to develop sophisticated segmentation in business contexts.",N/A,https://www.udacity.com/course/segmentation-and-clustering--ud981,Udacity
Time Series Forecasting,"Time Series Forecasting, ETS Models, ARIMA Models The Time Series Forecasting course provides students with the foundational knowledge to build and apply time series forecasting models in a variety of business contexts.",N/A,https://www.udacity.com/course/time-series-forecasting--ud980,Udacity
App Marketing,"App Marketing, User Segmentation, Customer Acquisition Google This course will help you organize a strategy of identifying your perfect user, and teach you how to grow your user base by focusing your product on their needs.",N/A,https://www.udacity.com/course/app-marketing--ud719,Udacity
App Monetization,"Product Design, Google Analytics Google Learn how to effectively develop, implement, and measure your monetization strategy, iterating on the model as appropriate.",N/A,https://www.udacity.com/course/app-monetization--ud518,Udacity
A/B Testing for Business Analysts,"A/B Randomized Design Tests, A/B Matched Pair Design Tests The A/B Testing course provides students with the foundational knowledge to design and analyze A/B tests to create business insights and support decision making.",N/A,https://www.udacity.com/course/ab-testing--ud979,Udacity
How to Build a Startup,"Entrepreneurship, Value Proposition, Revenue Models, Customer Segments Learn what it takes to build a successful startup using the Customer Development process, where entrepreneurs ""get out of the building"" to gather and iterate on feedback.",N/A,https://www.udacity.com/course/how-to-build-a-startup--ep245,Udacity
Get Your Startup Started,"Entrepreneurship, Bootstrapping Google Acquire the know-how necessary to see your business grow towards its next milestone.",N/A,https://www.udacity.com/course/get-your-startup-started--ud806,Udacity
Managing Remote Teams with Upwork,"Team Management, Workforce Training, Business Strategy, Agile Management, Remote Work Upwork Bring your remote-teams to the next level with hands-on skills to manage your remote workforce effectively.",N/A,https://www.udacity.com/course/managing-remote-teams-with-upwork--ud942,Udacity
Hybrid Cloud Fundamentals,"Hybrid Cloud, Nutanix, Hyperconverged Infrastructure, Prism web console, Private Cloud, Virtual Machine Nutanix Dive into the role of a hybrid cloud engineer and learn how to use Nutanix's Hyperconverged Infrastructure (HCI) software to configure the different components of a private cloud cluster.",N/A,https://www.udacity.com/course/hybrid-cloud-fundamentals--ud0321,Udacity
Intro to Cloud Computing,"Cloud Computing,  AWS Console,  Compute Services,  Serverless Architecture,  Cloud Databases This free course will equip you with the foundational skills you need to pursue a career in cloud computing. The course covers fundamental cloud computing principles and features hands-on practice using AWS, the leading cloud service provider.",N/A,https://www.udacity.com/course/intro-to-cloud-computing--ud080,Udacity
Cyber-Physical Systems Design & Analysis,Georgia Institute of Technology This course provides an introduction to cyber-physical systems with an industrial perspective.,N/A,https://www.udacity.com/course/cyber-physical-systems-design-analysis--ud9876,Udacity
Differential Equations in Action,"Math, Differential Equations Write Python code to find numerical solutions to systems of differential equations. The models you create will fight wildfires, bring spaceships back to earth, and more!",N/A,https://www.udacity.com/course/differential-equations-in-action--cs222,Udacity
Self-Driving Fundamentals: Featuring Apollo ,"Apollo HD Map, Localization, Perception, Prediction, Planning, Control Baidu Identify key parts of self-driving cars, utilize Apollo HD Map, localization, perception, prediction, planning and control, and start the learning path of building a self-driving car. ",N/A,https://www.udacity.com/course/self-driving-car-fundamentals-featuring-apollo--ud0419,Udacity
Linear Algebra Refresher Course,"Algebra, Python, Vectors, Intersections Learn linear algebra by doing: you will code your own library of linear algebra functions!",N/A,https://www.udacity.com/course/linear-algebra-refresher-course--ud953,Udacity
Machine Learning: Unsupervised Learning,"Randomized Optimization, Clustering, Feature Selection, Feature Transformation, Information Theory Georgia Institute of Technology Ever wonder how Netflix can predict what movies you'll like? Or how Amazon knows what you want to buy before you do? The answer can be found in Unsupervised Learning!",N/A,https://www.udacity.com/course/machine-learning-unsupervised-learning--ud741,Udacity
Big Data Analytics in Healthcare,"Data Analytics, Health Care Applications, Algorithms Georgia Institute of Technology In this course, we introduce the characteristics of medical data and associated data mining challenges on dealing with such data. We cover various algorithms and systems.",N/A,https://www.udacity.com/course/big-data-analytics-in-healthcare--ud758,Udacity
Intro to Descriptive Statistics,"Descriptive Statistics, Estimation, Central Limit Theorem Intro to Descriptive Statistics will teach you the basic concepts of statistics that can be used to extract information from data.",N/A,https://www.udacity.com/course/intro-to-descriptive-statistics--ud827,Udacity
Intel® Edge AI Fundamentals with OpenVINO™,"Edge AI, Intel OpenVINO, Computer Vision, Deep Learning Stay at the cutting-edge of AI technology by gaining practical skills for deploying edge AI. Learn how to use the Intel Distribution of OpenVINO toolkit to deploy computer vision capabilities inside a range of edge applications.",N/A,https://www.udacity.com/course/intel-edge-AI-fundamentals-with-openvino--ud132,Udacity
Artificial Intelligence,"Artificial Intelligence, Probability, Bayesian Networks, Logic and Planning, Machine Learning Georgia Institute of Technology This course gives a survey of topics in AI along with in-depth foundational concepts such as classical search, probability, machine learning, logic and planning.",N/A,https://www.udacity.com/course/artificial-intelligence--ud954,Udacity
Secure and Private AI,Facebook AI Learn how to extend PyTorch with the tools necessary to train AI models that preserve user privacy.,N/A,https://www.udacity.com/course/secure-and-private-ai--ud185,Udacity
Model Building and Validation,"Questioning, Modeling, Validation, Data Analysis, QMV Process AT&T This course will teach you how to start from scratch in understanding and paying attention to what is important in the data and how to answer questions about data.",N/A,https://www.udacity.com/course/model-building-and-validation--ud919,Udacity
Data Visualization and D3.js,"d3.js, Design of Visualizations, Data Visualization, Visual Encodings Zipfian Learn the fundamentals of data visualization and apply design and narrative concepts to create your own visualization.",N/A,https://www.udacity.com/course/data-visualization-and-d3js--ud507,Udacity
Machine Learning for Trading,"Pandas, Time Series Analysis, Computational Investing, Algorithmic Trading, Reinforcement Learning for Trading Georgia Institute of Technology Implement machine learning based strategies to make trading decisions using real-world data.",N/A,https://www.udacity.com/course/machine-learning-for-trading--ud501,Udacity
Machine Learning,"Supervised Learning, Unsupervised Learning, Information Theory, Reinforcement Learning, Game Theory Georgia Institute of Technology In this course, you'll learn how to apply Supervised, Unsupervised and Reinforcement Learning techniques for solving a range of data science problems.",N/A,https://www.udacity.com/course/machine-learning--ud262,Udacity
Intro to Hadoop and MapReduce,"Big Data, Hadoop, MapReduce Cloudera In this short course, learn the fundamentals of MapReduce and Apache Hadoop to start making sense of Big Data in the real world!",N/A,https://www.udacity.com/course/intro-to-hadoop-and-mapreduce--ud617,Udacity
Real-Time Analytics with Apache Storm,"Data Analysis, Real-time Analytics, Apache Storm Twitter The world is trending in real time! Learn Apache Storm, taught by Twitter, to scalably analyze real-time tweets and drive d3 visualizations. Storm is free, open and fun!",N/A,https://www.udacity.com/course/real-time-analytics-with-apache-storm--ud381,Udacity
A/B Testing,Google,N/A,https://www.udacity.com/course/ab-testing--ud257,Udacity
Data Analysis with R,"R, Exploratory Data Analysis, Data Visualization Facebook Data is everywhere and so much of it is unexplored. Learn how to investigate and summarize data sets using R and eventually create your own analysis.",N/A,https://www.udacity.com/course/data-analysis-with-r--ud651,Udacity
Knowledge-Based AI: Cognitive Systems,"Semantic Networks, Common-Sense Reasoning, Logic & Planning, Analogical Reasoning, Visuospatial Reasoning Georgia Institute of Technology The twin goals of knowledge-based artificial intelligence (AI) are to build AI agents capable of human-level intelligence and gain insights into human cognition.",N/A,https://www.udacity.com/course/knowledge-based-ai-cognitive-systems--ud409,Udacity
Introduction to TensorFlow Lite,"TensorFlow Lite, Deep Learning Models, Android, iOS, Linux TensorFlow Lite Learn how to deploy deep learning models on mobile and embedded devices with TensorFlow Lite.",N/A,https://www.udacity.com/course/intro-to-tensorflow-lite--ud190,Udacity
Introduction to Computer Vision,"Image Processing, Stereo Geometry, Feature Detection & Matching, Object Tracking, Classification & Recognition Georgia Institute of Technology This course provides an introduction to computer vision including fundamentals, methods for application and machine learning classification.",N/A,https://www.udacity.com/course/introduction-to-computer-vision--ud810,Udacity
Intro to TensorFlow for Deep Learning,"TensorFlow Developed by Google and Udacity, this course teaches a practical approach to deep learning for software developers.",N/A,https://www.udacity.com/course/intro-to-tensorflow-for-deep-learning--ud187,Udacity
Eigenvectors and Eigenvalues,"Linear Algebra, Eigenvectors, Eigenvalues Learn how to calculate eigenvalues and eigenvectors and why they are important for AI applications.",N/A,https://www.udacity.com/course/eigenvectors-and-eigenvalues--ud104,Udacity
Intro to Artificial Intelligence,"Artificial Intelligence, Machine Learning, Probability, Logic and Planning, Markov models This course will introduce you to the basics of AI. Topics include machine learning, probabilistic reasoning, robotics, computer vision, and natural language processing.",N/A,https://www.udacity.com/course/intro-to-artificial-intelligence--cs271,Udacity
Artificial Intelligence for Robotics,"Probabilistic Models, Kalman Filters, Motion Planning, Robot Control, Simultaneous Localization & Mapping Georgia Institute of Technology Learn how to program all the major systems of a robotic car. Topics include planning, search, localization, tracking, and control.",N/A,https://www.udacity.com/course/artificial-intelligence-for-robotics--cs373,Udacity
Intro to Deep Learning with PyTorch,"Deep Learning, PyTorch, Neural Networks, CNNs, LSTMs, Style Transfer Facebook AI Learn the basics of deep learning and implement your own deep neural networks with PyTorch",N/A,https://www.udacity.com/course/deep-learning-pytorch--ud188,Udacity
AWS DeepRacer,"Machine Learning, Reinforcement Learning, AWS DeepRacer AWS DeepRacer Learn the fundamentals of machine learning and reinforcement learning in a fun and engaging way through autonomous driving with AWS DeepRacer.",N/A,https://www.udacity.com/course/aws-deepracer--ud014,Udacity
Reinforcement Learning,Georgia Institute of Technology,N/A,https://www.udacity.com/course/reinforcement-learning--ud600,Udacity
Introduction to Machine Learning Course,"Machine Learning, Supervised Learning, Unsupervised Learning, Evaluation Metrics, Data Manipulation This class will teach you the end-to-end process of investigating data through a machine learning lens. Learn online, with Udacity.",N/A,https://www.udacity.com/course/intro-to-machine-learning--ud120,Udacity
Craft Your Cover Letter,"Creating a narrative, Targeting your pitch, Communicating value, Career Advancement Write a compelling narrative that showcases your value to the company.",N/A,https://www.udacity.com/course/craft-your-cover-letter--ud244,Udacity
Refresh Your Resume,"Resume writing, Company targeting, Storytelling, Career Advancement Grow With Google Create a targeted resume that gets the attention of recruiters and lands you an interview in tech.",N/A,https://www.udacity.com/course/refresh-your-resume--ud243,Udacity
Strengthen Your LinkedIn Network & Brand,"Personal branding, LinkedIn, Networking, Career Advancement Grow With Google Learn how to excel at networking both in-person and on LinkedIn.",N/A,https://www.udacity.com/course/strengthen-your-linkedin-network-and-brand--ud242,Udacity
Data Science Interview Prep,"Interview practice, Common Data Questions, Data Structures, Career Advancement Prepare for data science interviews by practicing data analysis, machine learning, and data structure and algorithms questions.",N/A,https://www.udacity.com/course/data-science-interview-prep--ud944,Udacity
Android Interview Prep,"Interview practice, Common Android Questions, Whiteboarding Grow With Google Learn how to respond to common Android and mobile development interview questions.",N/A,https://www.udacity.com/course/android-interview-prep--ud241,Udacity
Machine Learning Interview Preparation,"Interview practice, Machine Learning, Career Advancement In this course, you’ll learn exactly what to expect during a machine learning interview.",N/A,https://www.udacity.com/course/machine-learning-interview-prep--ud1001,Udacity
Front-End Interview Prep,"Interview questions, Common FE Questions, Whiteboarding, Career Advancement Answer front-end technical and behavioral interview questions with confidence and poise.",N/A,https://www.udacity.com/course/front-end-interview-prep--ud250,Udacity
Full-Stack Interview Prep,"Interview practice, Common FS Questions, Whiteboarding, Career Advancement Answer common full stack and web security interview questions with confidence and poise.",N/A,https://www.udacity.com/course/full-stack-interview-prep--ud252,Udacity
Data Structures & Algorithms in Swift,"Interview practice, Swift, Data structures, Career Advancement Review and practice the skills technical interviewers expect you to know and learn how to explain your Swift solutions.",N/A,https://www.udacity.com/course/data-structures-and-algorithms-in-swift--ud1011,Udacity
iOS Interview Prep,"Interview practice, Common iOS Questions, Whiteboarding, Career Advancement Answer iOS and mobile development interview questions with confidence and poise.",N/A,https://www.udacity.com/course/ios-interview-prep--ud240,Udacity
VR Interview Prep,"Interview practice, Common VR Questions, Whiteboarding, Career Advancement Grow With Google Learn how to tackle interview questions for technical roles in VR Development.",N/A,https://www.udacity.com/course/vr-interview-prep--ud251,Udacity
Product Manager Interview Preparation,"Product Management, Interview Preparation, Career Advancement, Product Strategy, Technical Interview Ace your product management interview by understanding how to answer key strategic, technical, and practical product questions.",N/A,https://www.udacity.com/course/product-manager-interview-preparation--ud034,Udacity
